{"room": 15.493596942193921, "restaurant": 11.419698618659394, "stove": 11.31473976901507, "cooking": 8.04331474123276, "dishwasher": 7.9490495674692605, "refrigerator": 7.823165988490987, "microwave oven": 7.543991046985539, "cafeteria": 7.467158004021405, "galley": 7.273230769230769, "pantry": 5.682846840697487, "laundry": 4.600274842415278, "kitchenette": 4.527651546484533, "cookhouse": 4.071225915479097, "fireplace": 4.064195237643315, "hotel": 3.9188177339901475, "wood": 3.8132570345688053, "downstairs": 3.64717441240082, "bathroom": 3.327421901485412, "basement": 3.0258523387483915, "dining": 2.6257124798359825, "cabinet": 2.5068372478421472, "oven": 2.4430095428679466, "dining room": 2.4162088669950736, "chef": 2.367528342417422, "food preparation": 2.233784137358384, "kitchen utensil": 2.103771746757275, "sink": 1.8727093596059114, "dishwashing": 1.8372932171276997, "kitchenware": 1.8349866215079462, "house": 1.7496241758241755, "hospital": 1.7190147783251233, "hearth": 1.6022255399772642, "bronze": 1.6007881773399018, "cupboard": 1.5912893436760362, "kitchen stove": 1.5845320197044332, "slavery": 1.5534975369458126, "upstairs": 1.5193081143002423, "apartment": 1.5132602370651198, "bedroom": 1.494695852782598, "patio": 1.4256251693423907, "closet": 1.4193064787151508, "cabinets": 1.4132121792443835, "public health": 1.4071921182266007, "dishpan": 1.4065545372872075, "garage": 1.4041457861735844, "dishes": 1.4010032544975184, "tub": 1.384037031396155, "cupboards": 1.366712117143513, "decor": 1.3637008473338665, "fridge": 1.3597078516235714, "grill": 1.3579215381015688, "freezer": 1.3467808388588518, "cooker": 1.2632309371027026, "coffeemaker": 1.2515307417900536, "steak": 1.1426824953446675, "cooktop": 1.0820911308861219, "cookstove": 1.0715382456826208, "extractor hood": 1.0668627984512187, "frankfurt kitchen": 0.9248275862068962, "cook": 0.7566502463054186, "entertaining": 0.7408866995073891, "countertop": 0.7366615384615385, "home": 0.7, "abode": 0.7, "habitation": 0.7, "dwelling": 0.7, "caboose": 0.7, "domicile": 0.7, "fire": 0.6965517241379311, "atrium": 0.6866995073891626, "wok": 0.6784248628765763, "villa": 0.657142857142857, "smoke": 0.6522167487684729, "benjamin thompson": 0.6505418719211824, "cuisine": 0.6400924040951588, "saucepan": 0.6397434549521679, "chimney": 0.6374384236453201, "kitchenless": 0.6353682572985365, "kitchener": 0.6347839618951281, "longhouse": 0.632512315270936, "kitchenry": 0.6317752982478232, "iroquois": 0.6275862068965516, "japan": 0.6128078817733991, "charcoal": 0.5980295566502463, "rice": 0.5881773399014778, "shop": 0.5847480776111889, "castle": 0.5783251231527093, "monastery": 0.5733990147783252, "teakettle": 0.5730428968950929, "utensil": 0.5716560070959296, "casserole": 0.5709779103080392, "staircase": 0.5684729064039409, "scotland": 0.5586206896551724, "kitchens": 0.5581586815172533, "cleaning": 0.5553851802698094, "iron": 0.5536945812807881, "furniture": 0.5514519241303338, "copper": 0.5438423645320196, "bed": 0.5410596299386358, "pottery": 0.5389162561576355, "decorating": 0.5389065465275984, "trivet": 0.5339901477832512, "dressing": 0.5329225592670156, "pan": 0.5270426559372636, "toilet": 0.5269518293432204, "filling": 0.5211873819918452, "filled": 0.5202193133285615, "utensils": 0.5152256585587153, "plastic": 0.5147188885614143, "food": 0.5142857142857142, "servant": 0.5142857142857142, "rooms": 0.5138761917493458, "glass": 0.5134531882965878, "clothes": 0.5076993890983882, "farmhouse": 0.5044334975369458, "housewares": 0.4981511536468836, "couch": 0.49777576573119203, "sleeping": 0.4943566987773524, "door": 0.49317106434158514, "store": 0.491888728003077, "bag": 0.491280757723711, "washing": 0.4911965348333133, "soup": 0.4894367940750923, "floor": 0.4877607604997133, "shops": 0.485233779489595, "dish": 0.48495489401121755, "parlor": 0.4847290640394089, "taylorism": 0.48403940886699504, "kettle": 0.4835615973483353, "floors": 0.4831183593313196, "cottage": 0.4828811811252362, "bedrooms": 0.4823133890789922, "bathrooms": 0.4803562142492867, "hall": 0.47980295566502457, "barbecue": 0.4792176581812337, "sitting": 0.4789722890080935, "window": 0.4785043667511498, "tables": 0.4780352713432101, "fashioned": 0.47789330409095493, "cake": 0.47714594401852667, "garden": 0.4767085545330924, "microwave": 0.47571432203915914, "closets": 0.47547473951825686, "fancy": 0.4750873581084063, "chairs": 0.4742082726313787, "cauldron": 0.4726067853752239, "lunch": 0.47258467270597326, "pizza": 0.47093658896987994, "empty": 0.47012395038249644, "bread": 0.4700713340676342, "pastry": 0.46970724554141347, "mattresses": 0.4695934205188421, "cooks": 0.46945392743641784, "pot": 0.46865160440846004, "brick": 0.4677674698075756, "breakfast": 0.46601774791466466, "modular kitchen": 0.46551724137931033, "mattress": 0.465450361129324, "bedding": 0.46521807008106114, "fill": 0.4647050454125056, "furnishings": 0.46321694185807155, "canteen": 0.4630456296100172, "saucer": 0.46205448110741537, "rack": 0.46182105289100733, "doors": 0.46114325615621476, "cleaners": 0.4607269034917454, "pewter": 0.46009852216748764, "carpet": 0.45987792367627217, "stuff": 0.4595895930983557, "lots": 0.45948924822254233, "skillet": 0.45924941920774914, "desk": 0.45921163329028913, "picnic": 0.4576895551820087, "coffee": 0.4574201661342978, "cubicle": 0.4573343159362178, "decorate": 0.45687090082684084, "wash": 0.4565554698803323, "gardening": 0.4565089149288033, "pots": 0.4561616813812791, "brass": 0.4551724137931034, "cluttered": 0.4548282999974436, "gourmet": 0.45457951002332464, "racks": 0.45442678488332666, "meals": 0.45412220984117785, "pieces": 0.45390789356879546, "hemp": 0.4502463054187192, "corner cupboard": 0.4477556412221731, "worktop": 0.44630110237924703, "flax": 0.44532019704433495, "canning": 0.4403940886699507, "gallopin": 0.4375224890910717, "pot and pan": 0.4357845406598089, "climate": 0.4354679802955665, "cookline": 0.43505738747634937, "society": 0.43054187192118226, "culinary": 0.4291786109090971, "linoleum": 0.4263200392472917, "haggis": 0.42541181302683323, "spaghetti": 0.42414047144272377, "mansion": 0.4206896551724138, "stew": 0.42042600557445914, "griddle": 0.41957200343524287, "tablespoon": 0.4136893194343138, "industrialization": 0.41083743842364534, "dishware": 0.4089498224820224, "crockery": 0.40700184676741163, "tureen": 0.40552873777856163, "kitchenmaid": 0.4043514495766304, "teapot": 0.4035417691756021, "coquille": 0.4031705776793761, "potato": 0.40265131599111076, "furnace": 0.4009852216748769, "spatula": 0.40077025361370283, "glass front cupboard": 0.4001557325722385, "dwelling house": 0.39999999999999997,
    "ship's galley": 0.39999999999999997, "potpie": 0.39818276669985353, "mug": 0.3976025703852903, "water well": 0.39162561576354676, "fondue": 0.3910677584290993, "saute": 0.38990345408672983, "coal": 0.3862068965517241, "teaspoon": 0.3862026612092005, "spoon": 0.3811094000151754, "roaster": 0.37712252749312886, "roman empire": 0.3768472906403942, "paris": 0.3763546798029556, "saucepot": 0.3736494826940324, "saltshaker": 0.372121596878487, "london": 0.3714285714285714, "stillroom": 0.3711564122512183, "porringer": 0.3686781916472837, "berlin": 0.36650246305418716, "burrito": 0.36525672533634806, "ancient rome": 0.3620689655172414, "chasseur": 0.3603574144027984, "cookroom": 0.3576271711005724, "eik": 0.3555385548127498, "urbanization": 0.35172413793103446, "hot table": 0.35049546806853177, "pottage": 0.3466878586689707, "paten": 0.3453662015621047, "tetrazzini": 0.3422747604220294, "rice cooker": 0.3374257936774299, "cookpot": 0.3353337938259654, "dishful": 0.33076026817640214, "electricity": 0.3270935960591133, "terrine": 0.3267273045295297, "north america": 0.32266009852216754, "ramekin": 0.3205367425146959, "grillroom": 0.31948699409955816, "indoor air quality": 0.3177339901477832, "moussaka": 0.31536253984299867, "salad bowl": 0.31277919380364755, "chicago": 0.3123152709359606, "resturant": 0.31226781482444177,